Actual Price,Predicted Price
5.635833310357254,6.8773055
5.246190594903153,6.6644897
4.7115474216853785,6.2736387
4.969047116509597,5.7374024
4.729404019585769,5.99566
4.945476102105302,5.7553115
4.675834225884597,5.9720187
4.021546887627763,5.7015867
3.865119504204911,5.0454583
3.734405087701004,4.8886065
4.294047879449051,4.757544
3.8729758732234663,5.3187113
4.088691281548662,4.8964834
4.240476178399247,5.1127872
2.497262524834795,5.2649903
2.2004771702205366,3.517329
1.7054772846614537,3.2198684
2.44369082378499,2.7237945
2.3901191227351855,3.4636326
2.3894057743465136,3.409939
2.4654765598689736,3.409223
2.2797618381892866,3.4854686
1.9276195042049113,3.2993298
2.3711905949031524,2.9464102
2.613334225884599,3.3909676
2.9972625248347926,3.633672
3.0865474216853803,4.0185204
3.1940474979793243,4.1080256
2.754762219659014,4.2157936
2.6586909763728803,3.7754335
2.813333081475418,3.679135
2.5365481846248334,3.8341455
2.4147620670711216,3.556705
1.997261571160476,3.434638
2.1133342258845986,3.0162034
2.277619885674637,3.1325305
1.9194045536433884,3.297183
2.084046887627762,2.938177
1.9276195042049113,3.1031783
1.7115474216853783,2.9464102
1.3472619526302028,2.7298777
1.121548222771805,2.3648462
1.5869050495540316,2.138688
1.2294049732600862,2.604976
1.4186912052547158,2.2467554
1.4169049732600854,2.4364178
1.6258340351497358,2.4346287
1.3704772465144817,2.643986
1.5269046299373317,2.3881085
1.7090478413020784,2.5448525
1.834762143365068,2.7273731
2.479404019585771,2.8533535
2.4051204197322544,3.4994283
2.1479773991023725,3.424975
2.3036914341365504,3.167252
2.664762067071123,3.3233142
2.6915469639217084,3.6852198
2.370833920708818,3.7120683
2.133691357842607,3.39061
1.850833462945146,3.152933
1.340119885674638,2.8694599
1.4747615330135047,2.3576899
1.560120152703446,2.492602
1.2294049732600862,2.5781362
1.241904782525224,2.2467554
1.2958341114436813,2.25928
1.3579764835750283,2.313315
1.558690594903153,2.3755817
1.5740476124202436,2.5767035
1.3186908237849895,2.592093
1.124762105218095,2.336218
1.0783334247981733,2.1419067
0.5326200001155565,2.0953894
-0.07523770404704305,1.5486664
0.09154753612629773,0.9397842
0.49690489696614243,1.1068391
0.12369112896076923,1.5128881
0.7554765217220019,1.139037
0.7047620289241499,1.7719264
1.084762143365066,1.7211182
1.6079764835750274,2.10183
1.942262219659012,2.626091
1.8465476505672158,2.961085
2.1869044773494433,2.865163
2.3440471165095986,3.2062652
2.6747622959529584,3.3637612
2.4629760258113556,3.6952443
2.4904761783992466,3.482963
2.424762295952957,3.5105271
2.194047497979326,3.4446614
2.277619885674637,3.2134242
1.7529769413387004,3.297183
1.184404896966142,2.771396
1.7490478031551073,2.2016668
1.4940476887141882,2.7674568
1.7169051639949489,2.5119271
1.9276195042049113,2.7352476
1.638333844414871,2.9464102
1.813334035149735,2.6565118
2.1365485660945596,2.83188
1.7829766743098912,3.1557965
1.9847617618953406,2.8014584
2.229404019585769,3.0036774
2.1661906711970977,3.2488592
2.255118893853348,3.1855056
1.9847617618953406,3.2746325
1.9783339970027634,3.0036774
1.6579766743098918,2.9972355
1.951904820672197,2.6761951
1.6308341495906535,2.970749
1.765120076409501,2.648995
1.5151200764095019,2.7835636
1.618691014519853,2.533044
1.4772620670711225,2.6368268
1.4815478794490502,2.4951088
1.475833462945145,2.4994032
1.0436912052547147,2.4936774
1.0147614948665307,2.0606794
0.6186910145198519,2.031695
0.5579772465144801,1.6348906
0.4936910145198525,1.574068
0.3276200764095018,1.5096681
0.04583411144368153,1.3433095
0.4504771702205362,1.0610504
0.7101197712337204,1.4663785
1.099404858819169,1.726486
1.082620190850419,2.1165018
1.0726199619685834,2.0996852
0.8401198856746377,2.0896652
1.0544047825252223,1.856725
1.1740479938899693,2.0714135
1.3419051639949504,2.1912897
1.2476201527034447,2.3594778
1.3015475742732712,2.265007
1.415119694939773,2.3190408
1.5465474598323523,2.4328396
1.5365481846248323,2.5645354
1.4065480701839153,2.5545151
1.2829766743098907,2.4242508
1.7447619907771772,2.300432
1.8079772465144799,2.763162
1.6151195042049102,2.8265128
1.811547803155107,2.633248
2.138690518609209,2.83009
2.3183341495906533,3.157944
2.345477627984207,3.3379889
2.4261909000789346,3.365196
2.664762067071123,3.446092
2.78369097637288,3.6852198
2.6329761021053018,3.8044314
2.635119961968582,3.653358
2.44868998455159,3.6555078
2.3851199619685834,3.4686456
2.8879771702205366,3.4049273
3.8501201145564736,3.9089694
3.7979770176326464,4.873566
3.931190060845536,4.821284
4.080833005181473,4.9548564
4.272620724908036,5.104905
4.054048108330887,5.297224
4.103690671197099,5.078048
4.042619275323075,5.1278267
3.9526191227351846,5.066588
3.85440401958577,4.976342
3.425834225884598,4.877864
3.627620267144363,4.4481683
3.6401191227351855,4.6504774
3.6794047825252245,4.663009
3.9101195804988556,4.702397
3.934762524834794,4.9337277
3.8701205723201446,4.958437
4.104404019585769,4.893621
4.147262143365066,5.1285415
2.7476191990291308,5.171518
2.800834225884598,3.7682745
2.8308330051814736,3.8216157
2.532977627984209,3.8516872
2.0672622196590114,3.5531268
2.610833691826981,3.0863583
2.879405545464676,3.6311638
3.140119122735185,3.9003778
3.7865481846248334,4.1617303
3.7429767124568643,4.809825
3.5401206486140904,4.7661395
3.425834225884598,4.56275
3.346547650567215,4.4481683
3.1133342258845995,4.3686795
3.156190442315263,4.1348796
3.4126201145564727,4.1778417
3.586904095879716,4.4349203
3.3494048588191703,4.6096554
3.445834683648272,4.371544
3.5665469639217076,4.46822
3.377261685601396,4.5892444
3.6158347599422154,4.3994718
3.4611907474910444,4.6386614
3.562619733086748,4.483617
3.8369040958797145,4.585308
3.954047726861162,4.860316
3.925118970147293,4.977775
4.139762448540848,4.9487696
4.3461909763728785,5.163996
4.869048642388504,5.3710017
4.604404019585769,5.895365
4.818690823784988,5.629949
5.044404553643388,5.84486
4.962976025811355,6.071242
5.221190976372879,5.98957
4.626191663018386,6.248564
4.818690823784988,5.651799
4.7836909763728785,5.84486
4.679404782525222,5.8097563
4.803691434136552,5.7051663
4.788333462945144,5.8298163
4.625119733086746,5.814414
4.446548032036942,5.650724
4.639762448540849,5.471642
4.55690531658284,5.6654086
4.568690823784989,5.582314
4.740476178399247,5.5941315
4.8751197330867475,5.7664156
4.818334149590653,5.9014544
4.60547594951741,5.844503
4.612618970147293,5.6310234
4.554404782525223,5.638187
4.622975873223465,5.579806
4.67654757427327,5.648575
4.7872615330135035,5.7023015
5.222619580498854,5.8133388
5.692977475396317,6.2499976
5.997262524834793,6.721814
6.0079761021053,7.0270734
6.265119122735184,7.0378222
6.5204768650447535,7.2958074
6.275476025811357,7.5520196
6.100833462945146,7.306198
6.196548032036942,7.130982
6.318690823784989,7.2270103
6.1451201908504185,7.3495584
6.170476483575029,7.175414
5.890834378472489,7.2008543
5.919047879449052,6.920303
5.700833844414872,6.948607
5.693690823784989,6.7296944
5.548333691826981,6.7225304
6.35440401958577,6.5767136
6.421905087701005,7.38539
6.357976483575028,7.4531164
6.2051196567927995,7.388975
5.977977322808427,7.235611
5.860477017632645,7.0077267
5.914405392876785,6.889848
5.813691663018386,6.9439487
5.263333844414871,6.842913
5.508691357842605,6.290834
5.311904477349443,6.5369477
5.597260998955887,6.3395534
5.348332928887529,6.6257944
4.994048642388504,6.3760934
5.290833997002762,6.020736
5.837262677422684,6.3184195
5.886548566094559,6.8665586
5.764405774346512,6.9160023
5.389762448540848,6.7934685
5.7440486423885035,6.4176517
5.70940546917073,6.7730474
5.854404019585769,6.738293
5.7140479557429975,6.883755
4.238690900078934,6.742951
4.066905545464675,5.263201
4.016547726861161,5.0909414
3.753690289727372,5.040445
4.019048260918779,4.77688
4.134761380425613,5.0429525
4.160119580498857,5.158982
4.285119580498856,5.1844106
4.689405011407058,5.309757
4.592261838189287,5.715195
5.019048260918777,5.617773
5.245477246514481,6.045811
5.163690137139482,6.2729235
5.442618893853347,6.1908875
5.56869082378499,6.470672
5.52404742168538,6.597135
5.104047345391435,6.552352
5.096904324761552,6.131064
4.752620267144363,6.1239004
4.975120114556473,5.7785954
4.769048260918779,6.0017505
4.53797678875081,5.795071
4.964404629937333,5.56333
4.76226191448323,5.991004
5.0329776279842084,5.7882648
5.0301204197322535,6.0597816
5.096904324761552,6.056916
5.036191510430496,6.1239004
4.938691663018387,6.0630045
5.191905545464676,5.9652157
5.158334302178543,6.2191877
5.262977170220537,6.185515
4.95404772686116,6.290476
4.9151206486140895,5.980617
4.850833462945146,5.9415717
5.077977704278153,5.8770976
4.993333386651199,6.104917
5.066190289727371,6.0200186
5.297977017632645,6.093094
5.407977627984207,6.3255825
5.587262677422683,6.435922
5.355119275323074,6.6157656
5.294404553643387,6.3829017
5.326905774346511,6.3220005
5.274404095879716,6.354601
5.43940501140706,6.301938
5.404048489800614,6.4674478
5.347619580498857,6.43198
4.926547574273268,6.3753777
4.825477170220536,5.9530344
4.734405087701004,5.851665
5.021546887627761,5.760327
4.604404019585769,6.0483174
4.7079768650447535,5.629949
4.649762677422684,5.7338204
4.570476102105301,5.675438
4.640119122735183,5.5959225
4.830833005181472,5.665768
4.936904477349441,5.8570375
4.963691281548661,5.963422
6.361905621758621,5.990288
6.230475949517411,7.392916
6.525834607354325,7.2610507
7.2736907474910435,7.5573964
7.234405087701004,8.307851
7.2115474216853785,8.268425
7.223691510430497,8.245486
7.145120190850419,8.257671
7.561547803155106,8.178823
7.327619122735185,8.5967455
7.077619122735183,8.361972
6.945119427910966,8.111084
7.050477551690263,7.9781203
7.2115474216853785,8.083847
7.226905392876787,8.245486
7.30797724651448,8.260899
7.091189908257643,8.342259
7.420476483575029,8.124702
7.658334302178543,8.455163
7.634048032036941,8.693885
7.732976483575027,8.66951
7.756190823784988,8.768803
8.064405011407061,8.792102
8.42654757427327,9.101465
8.491904782525223,9.464988
8.853690671197098,9.530598
8.710120724908036,9.8938
8.51369051860921,9.749663
8.834405469170733,9.552467
9.147262143365069,9.874439
9.279405163994948,10.188545
9.243690060845537,10.321222
9.751191663018385,10.285362
9.60119013713948,10.794954
9.578691052666825,10.644328
9.118690060845537,10.621736
8.946191357842608,10.159858
9.146190213433428,9.986669
9.136189984551594,10.1874695
9.141191052666823,10.177428
9.031190442315262,10.182449
8.898690747491045,10.072006
8.75619082378499,9.93898
8.621190594903153,9.795914
8.661191510430497,9.660387
8.773690747491045,9.700542
9.093690442315262,9.813484
9.448689984551589,10.134758
9.536191510430498,10.491199
9.486190366021315,10.579061
9.6036906711971,10.528855
10.136189984551589,10.646839
9.928691434136553,11.181579
9.508691357842608,10.973199
9.908690976372881,10.551448
10.033690976372881,10.953115
10.268691586724445,11.078644
10.311191128960772,11.314648
9.826190518609208,11.35733
9.473691510430497,10.870269
9.816190289727373,10.516303
9.738690900078936,10.860226
9.923690366021317,10.782401
10.328691052666827,10.968177
10.281190442315264,11.374907
10.523690747491043,11.327202
10.901191281548662,11.570753
10.678691434136555,11.949919
10.358691739312333,11.726435
9.793691205254717,11.405038
10.161191510430497,10.837632
9.908690976372881,11.206688
9.75619082378499,10.953115
9.801190900078932,10.799975
9.633691357842606,10.845162
9.88618998455159,10.676965
10.078691052666828,10.930519
10.106191205254719,11.123835
10.401191281548659,11.151452
10.543691205254714,11.44772
10.691190289727373,11.590841
10.921191739312333,11.738987
11.178691434136553,11.970008
11.211190747491043,12.228663
11.141191052666827,12.26131
11.516191052666825,12.190993
11.423690366021315,12.567703
11.323689984551592,12.474777
11.466189908257647,12.374321
11.78369097637288,12.517469
11.833690213433425,12.83644
11.84369044231526,12.886672
10.781190442315262,12.89672
10.768691586724442,11.829386
10.893691586724442,11.816831
10.83869128154866,11.942386
10.571191357842606,11.887141
11.171191739312333,11.618462
11.371190594903155,12.221129
11.771190213433428,12.422035
11.018691586724442,12.823882
11.386189984551589,12.067944
11.551190900078936,12.437103
11.641191052666823,12.602861
11.518691586724445,12.693277
11.218690442315264,12.570214
11.608691739312333,12.268844
11.196191357842608,12.660629
10.70119051860921,12.246243
10.731191205254715,11.749032
11.271190213433425,11.779165
11.216189908257649,12.321582
10.88618998455159,12.266332
10.928691434136553,11.93485
11.056190060845537,11.97754
10.926190900078932,12.105611
10.758691357842608,11.975029
11.453691052666827,11.806787
11.241191434136555,12.504914
11.40119128154866,12.291447
11.166190671197102,12.452175
10.56119112896077,12.216106
9.956191586724444,11.6084175
10.44369082378499,11.000815
10.648690747491043,11.490405
11.82368998455159,11.6963
11.778689908257649,12.876624
12.08869128154866,12.831416
12.363690900078934,13.142872
12.281190442315262,13.419183
12.418691205254717,13.336287
12.731191205254717,13.474446
12.808690594903155,13.788461
13.071191357842606,13.866339
13.123691128960772,14.130132
13.408690976372883,14.182893
13.343690442315264,14.469319
13.218690442315266,14.403989
13.256190823784992,14.278365
13.323689984551594,14.316052
13.243690060845536,14.38389
13.413690137139483,14.303489
14.018691586724444,14.474342
14.356191205254717,15.08243
14.63618998455159,15.421685
14.553691434136553,15.703162
14.928691434136551,15.620227
14.796191739312333,15.997225
15.446191357842606,15.864016
15.281190442315264,16.517536
15.836190747491043,16.351631
15.553691434136555,16.90969
15.88618998455159,16.625628
15.771190213433426,16.959965
14.443690823784989,16.844328
15.006190823784989,15.509647
15.011189984551589,16.075144
15.066190289727372,16.080168
14.593690442315264,16.135466
13.61619143413655,15.660436
14.671191739312333,14.677866
14.133691357842608,15.738351
13.683690594903151,15.198023
13.74369006084554,14.745709
12.661191510430495,14.806014
12.848691510430497,13.71812
14.036191510430495,13.906535
14.133691357842608,15.10002
14.108691739312333,15.198023
14.376191663018387,15.172896
14.21369128154866,15.4417925
14.093690442315262,15.27844
14.516191052666827,15.157817
14.4786906711971,15.582528
14.273690747491043,15.544831
13.9161906711971,15.338755
13.141191052666828,14.9794
12.703691052666827,14.2004795
12.868690060845537,13.760826
13.376191663018385,13.926631
14.236190366021317,14.436655
14.21869044231526,15.301059
13.926190900078936,15.283465
13.328691052666825,14.989451
13.568690823784987,14.388915
12.826190518609206,14.630125
13.028689908257649,13.883923
13.306190060845537,14.087419
13.633691357842606,14.366301
14.143691586724444,14.6954565
14.503690289727372,15.208078
14.173690366021319,15.569962
15.476190137139481,15.238232
15.148690747491045,16.5477
15.668691205254719,16.218412
15.58119158672444,16.74126
15.693690823784989,16.653278
15.693690823784989,16.7664
16.073689984551592,16.7664
16.073689984551592,17.148518
15.706191586724445,17.148518
16.11119036602132,16.77897
16.761189984551592,17.18623
17.583690213433425,17.83993
17.888690518609206,18.667246
17.941190289727373,18.974066
17.97619013713948,19.02688
18.188689755669753,19.06209
18.223689603081862,19.275875
18.57369189190022,19.311087
19.303691434136553,19.663227
18.958690213433425,20.397764
18.26618914531819,20.050604
18.568690823784987,19.353846
18.38119082378499,19.658195
18.308692502251784,19.469545
18.343692349663893,19.396606
18.21369128154866,19.43182
18.16868929790608,19.301027
18.05869059490315,19.255753
17.671191739312334,19.145086
17.256190823784987,18.755266
16.646190213433428,18.337812
17.168691205254717,17.724268
17.03869013713948,18.249798
17.543691205254714,18.11904
17.81869082378499,18.627007
18.25619082378499,18.903648
18.13119082378499,19.343784
17.848691510430495,19.218027
17.876191663018385,18.933828
17.703691052666827,18.96149
16.758691357842608,18.78796
17.21119074749104,17.837416
17.081191586724444,18.292545
17.591189908257647,18.161787
17.273690747491045,18.674788
17.326190518609206,18.355413
17.186191128960772,18.408224
17.9786906711971,18.2674
17.531190442315264,19.064606
17.531190442315264,18.614433
17.556190060845534,18.614433
18.161189603081862,18.639578
17.81869082378499,19.248209
17.671191739312334,18.903648
17.638690518609206,18.755266
17.45619158672444,18.72257
17.46119074749104,18.538988
18.093692349663893,18.544018
17.81619028972737,19.180302
18.14369158672444,18.90113
18.691192197076006,19.230604
19.146190213433425,19.78145
19.683692502251787,20.239277
18.608691739312334,20.780167
18.2286906711971,19.698442
17.59369044231526,19.316118
18.443690823784987,18.677301
18.106189297906084,19.532429
17.708690213433425,19.192875
17.26118998455159,18.792988
17.738690900078932,18.34284
17.916190671197096,18.82317
17.46869044231526,19.00173
17.606191205254717,18.551565
17.921191739312334,18.68988
18.336192654839675,19.006763
18.163692044488112,19.424276
18.741191434136553,19.250725
18.568690823784987,19.831758
18.586192654839678,19.658195
18.968692349663897,19.675804
19.218692349663893,20.060667
18.653689908257643,20.312233
19.033690976372878,19.743717
18.876189755669753,20.126072
18.63869051860921,19.967592
18.53369097637288,19.728622
18.73369173931233,19.62298
18.46369128154866,19.824211
18.443690823784987,19.552551
18.29368929790608,19.532429
17.743690060845537,19.381514
18.048690366021315,18.828197
18.363688992730303,19.135027
18.11619143413655,19.451937
17.59369044231526,19.202936
17.82619051860921,18.677301
17.998691128960772,18.911188
17.876191663018385,19.084728
17.99619059490315,18.96149
17.941190289727373,19.082214
17.93869166301839,19.02688
17.87119059490315,19.024368
18.28369097637288,18.95646
17.986190366021315,19.371452
17.43369059490315,19.072153
17.46119074749104,18.516354
17.793691205254714,18.544018
17.676190900078932,18.878496
17.30369143413655,18.760296
17.5411906711971,18.38559
17.188691663018385,18.624493
17.03119044231526,18.269917
16.55369143413655,18.111496
17.326190518609206,17.63124
17.578691052666827,18.408224
17.49869112896077,18.662216
18.00369028972737,18.581741
18.33869128154866,19.089754
18.81119112896077,19.42679
19.281192349663893,19.90219
16.56619028972737,20.375126
17.618690060845537,17.643812
17.398690747491045,18.702452
16.841189908257643,18.481148
16.91369013713948,17.920391
16.856191205254714,17.993315
16.64869074749104,17.93548
16.71869044231526,17.726784
16.44369082378499,17.797186
15.423690366021319,17.52061
14.306190060845534,16.49491
15.061191128960772,15.371425
14.713691281548659,16.13044
15.201190518609206,15.781076
15.521190213433428,16.271196
14.201190518609211,16.592945
15.078691052666827,15.265877
14.648690747491047,16.148033
15.078691052666827,15.71573
15.176190900078936,16.148033
15.093690442315262,16.246063
14.588691281548659,16.163115
13.676190900078938,15.655411
9.786191510430497,14.738171
13.846190976372878,10.830101
12.841189908257647,14.909042
14.126191663018389,13.898996
14.111190366021317,15.190488
14.076190518609206,15.175406
13.606191205254714,15.140226
13.62619166301839,14.667816
14.19119028972737,14.687918
13.311191128960768,15.255823
14.006190823784989,14.371327
14.508691357842608,15.069863
13.63618998455159,15.574989
14.016191052666825,14.697968
15.213691281548662,15.079916
15.051190900078936,16.283766
15.131190823784989,16.120384
14.983691739312334,16.200819
14.121190594903153,16.05252
14.486190366021315,15.185461
14.413690137139483,15.55237
14.476190137139481,15.479488
14.381190823784992,15.542317
15.178691434136551,15.446819
14.531190442315262,16.248573
14.276191281548664,15.597609
13.611190366021319,15.3412695
13.336190747491045,14.67284
13.071191357842606,14.396454
13.538690137139481,14.130132
13.726190137139483,14.599973
14.003690289727373,14.788426
13.61619143413655,15.06735
13.568690823784987,14.677866
14.251191663018387,14.630125
13.773690747491045,15.316137
13.891191052666825,14.836171
13.801190900078936,14.954273
14.01369051860921,14.8638115
13.76869158672444,15.077404
13.903689908257645,14.831145
14.568690823784989,14.966836
14.651191281548662,15.635306
15.243690060845537,15.718244
15.58869128154866,16.313929
14.918691205254717,16.660818
15.301190900078936,15.987169
15.743690060845536,16.371738
16.31619028972737,16.816673
16.26869158672444,17.392385
16.266191052666823,17.34462
16.85119013713948,17.342106
16.531190442315264,17.930452
16.346190976372878,17.60861
16.30869059490315,17.422558
15.293691205254715,17.384844
15.161191510430495,16.364199
15.133691357842604,16.23098
14.868690060845534,16.203333
13.91369013713948,15.936903
14.798690366021317,14.976889
15.008691357842604,15.8665285
15.478690671197102,16.077656
15.868690060845536,16.55021
15.88618998455159,16.942371
15.401191281548664,16.959965
15.871190594903156,16.472288
15.641191052666828,16.944883
15.566190289727375,16.713608
15.756190823784992,16.638193
15.403689908257643,16.829245
15.206191586724442,16.474802
14.891191052666825,16.276226
15.813691663018389,15.959524
15.44868998455159,16.887064
15.478690671197102,16.52005
15.078691052666827,16.55021
14.86619143413655,16.148033
14.113690900078932,15.934393
14.053691434136551,15.17792
13.836190747491042,15.117611
14.07368998455159,14.89899
13.296191739312334,15.1377125
12.888690518609208,14.356253
12.918691205254715,13.946731
12.886189984551592,13.976878
13.318690823784989,13.944218
12.966189908257645,14.378864
12.808690594903155,14.0246105
13.21369128154866,13.866339
12.821191357842606,14.27334
11.721190976372881,13.878901
12.50619082378499,12.77365
11.208690213433428,13.5623665
10.738690900078936,12.258799
10.70619158672444,11.786697
10.811191128960768,11.754056
11.206191586724444,11.859519
11.148690747491045,12.256288
10.558690594903155,12.198527
10.11869006084554,11.6059065
10.671191739312334,11.164004
9.843690442315264,11.718901
10.333690213433426,10.88784
10.726190137139481,11.379929
11.448689984551592,11.77414
11.051190900078932,12.499889
10.078691052666828,12.10059
9.516191052666827,11.123835
9.766191052666827,10.558978
10.186191128960772,10.810017
9.923690366021317,11.231794
9.818690823784989,10.968177
10.033690976372881,10.862736
10.198689984551592,11.078644
9.351190137139481,11.244347
9.641191052666827,10.393299
10.048690366021317,10.684495
9.516191052666827,11.093706
9.616191434136551,10.558978
9.823689984551592,10.659392
10.236190366021319,10.867755
10.778689908257647,11.282008
10.068690823784992,11.826872
10.14619021343343,11.113791
10.168691205254715,11.191623
9.563691663018389,11.21422
10.081191586724444,10.606674
10.368690060845537,11.126347
10.28369097637288,11.415079
10.481191205254717,11.329713
11.196191357842608,11.528069
11.213691281548664,12.246243
11.6611915104305,12.263821
11.6661906711971,12.71337
11.26369051860921,12.718392
11.39619021343343,12.314046
11.42119173931233,12.44715
11.628690289727373,12.472266
11.546191739312336,12.680721
12.058690594903153,12.59784
12.22119097637288,13.11273
12.448689984551592,13.276001
12.653689908257645,13.504589
12.551190900078936,13.710582
12.38119082378499,13.607585
12.688691663018387,13.436768
12.436191128960772,13.745753
12.568690823784992,13.49203
12.291190671197096,13.625169
13.231191205254715,13.3463335
13.49869112896077,14.290929
13.263690518609208,14.5597725
13.673690366021317,14.323588
13.44619135784261,14.735658
13.62619166301839,14.507008
13.556190060845537,14.687918
13.296191739312334,14.617563
13.311191128960768,14.356253
13.403689908257647,14.371327
13.76869158672444,14.46429
13.973691510430498,14.831145
14.096190976372881,15.037196
13.291190671197098,15.160328
13.038690137139483,14.351225
12.728690671197098,14.097471
12.801190900078936,13.785947
12.321191357842608,13.858802
12.318690823784989,13.376479
12.046191739312334,13.373965
10.068690823784992,13.100171
10.471190976372881,11.113791
9.566190289727373,11.518024
9.561191128960768,10.609184
9.618690060845536,10.604164
9.868690060845534,10.6619005
9.568690823784989,10.912945
9.411191510430498,10.611695
9.31869082378499,10.453547
9.401191281548664,10.360668
9.43869166301839,10.443507
9.248691128960774,10.481161
8.56869082378499,10.290384
9.1661906711971,9.607681
9.706191586724444,10.207549
9.60869173931233,10.749766
9.7286906711971,10.651862
9.7286906711971,10.77236
10.036191510430497,10.77236
10.373691128960774,11.081156
10.736190366021315,11.420101
10.988690900078936,11.784184
10.928691434136553,12.037809
10.968690442315264,11.97754
10.823689984551589,12.017718
10.46869044231526,11.872072
10.516191052666823,11.515513
10.566190289727375,11.56322
10.88119082378499,11.613439
10.823689984551589,11.929831
10.693690823784989,11.872072
10.70119051860921,11.741498
10.741191434136551,11.749032
10.398690747491043,11.789209
10.523690747491043,11.445211
10.181190060845536,11.570753
10.223691510430498,11.226772
10.068690823784992,11.269453
9.803691434136553,11.113791
10.131190823784989,10.847673
10.053691434136551,11.1765585
9.296191739312334,11.098729
9.31869082378499,10.338077
9.293691205254714,10.360668
9.561191128960768,10.335568
9.678691434136553,10.604164
9.941190289727372,10.722153
9.916190671197096,10.985752
9.718690442315264,10.960646
9.993690060845534,10.762317
10.191190289727372,11.038473
10.256190823784989,11.236814
10.361190366021317,11.302094
10.421191739312336,11.407547
10.4161906711971,11.467808
10.798690366021319,11.462786
10.743690060845536,11.846962
10.958690213433428,11.791718
11.068690823784989,12.007674
11.026191281548662,12.118166
10.883691357842606,12.075477
10.631190823784987,11.932342
10.273690747491045,11.678723
12.13618998455159,11.31967
11.776191281548664,13.190596
12.116191434136551,12.828907
12.171191739312333,13.170504
12.581191586724442,13.225764
12.271190213433426,13.6377325
12.463691281548664,13.326239
12.636189984551589,13.519664
12.94868998455159,13.692996
13.126191663018387,14.007026
13.246190594903151,14.185405
13.198689984551589,14.306003
13.013690518609208,14.258264
13.103690671197102,14.072347
13.476190137139485,14.162791
13.343690442315264,14.537157
13.376191663018385,14.403989
13.261189984551592,14.436655
13.283690976372883,14.321077
13.216189908257645,14.34369
13.211190747491045,14.275851
12.9161906711971,14.270828
12.921191739312334,13.974365
12.723691510430498,13.979392
12.51869158672444,13.780922
12.483691739312334,13.574928
12.603690671197098,13.53976
12.993690060845537,13.660339
13.043691205254714,14.052248
13.026191281548664,14.102497
12.881190823784989,14.0849085
12.2286906711971,13.939195
11.731191205254717,13.283535
12.946191357842606,12.783695
13.251191663018387,14.004515
14.533690976372883,14.311028
14.848691510430498,15.60012
14.86619143413655,15.916796
14.33119158672444,15.934393
14.531190442315262,15.396558
14.656190442315262,15.597609
14.673690366021317,15.7232685
13.978690671197098,15.740862
14.31869082378499,15.042222
14.491191434136551,15.38399
14.358691739312333,15.557396
14.183690594903155,15.424199
14.246190594903153,15.248285
14.333690213433425,15.31111
14.418691205254719,15.39907
14.493690060845536,15.484515
14.646190213433426,15.55991
14.823689984551592,15.713218
15.493690060845537,15.891662
15.406190442315264,16.565294
15.266191052666825,16.477314
15.538690137139483,16.336552
15.401191281548664,16.610542
15.613690900078936,16.472288
15.381190823784989,16.685957
15.28369097637288,16.452179
15.271190213433428,16.354145
15.343690442315262,16.341578
15.55619006084554,16.414474
14.646190213433426,16.628138
14.916190671197102,15.713218
14.536191510430498,15.984655
14.481191205254715,15.602635
14.433690594903155,15.547345
13.918691205254715,15.499595
13.813691663018387,14.9819145
13.20119051860921,14.876374
13.588691281548664,14.260777
13.646190213433425,14.6502285
13.538690137139481,14.708018
13.841189908257647,14.599973
12.848691510430497,14.904014
12.996190594903153,13.906535
12.711190747491042,14.054761
12.743690060845537,13.768362
13.521190213433426,13.80102
13.49869112896077,14.582385
13.5986915104305,14.5597725
14.056190060845536,14.660278
13.90869097637288,15.120124
13.851190137139483,14.971861
13.926190900078936,14.914065
13.76369051860921,14.989451
13.968690442315262,14.8261175
13.661191510430497,15.03217
13.36119036602132,14.723094
13.568690823784987,14.421577
13.443690823784989,14.630125
13.383691357842606,14.504495
13.783690976372881,14.44419
14.146190213433428,14.846221
14.391191052666828,15.210589
14.528689908257647,15.456871
14.828691052666823,15.595093
14.913690137139481,15.89669
15.186191128960772,15.982145
15.01869158672444,16.256115
15.253690289727373,16.087711
15.268691586724444,16.323982
15.156190442315264,16.339066
14.966189908257647,16.225952
15.19868998455159,16.034927
15.44868998455159,16.26868
15.181190060845536,16.52005
15.231191205254717,16.251087
15.01869158672444,16.301361
15.031190442315266,16.087711
15.048690366021315,16.100277
15.26369051860921,16.117872
15.55619006084554,16.334038
15.76118998455159,16.628138
15.753690289727372,16.834272
15.793691205254719,16.82673
15.84619097637288,16.866953
15.653689908257647,16.919744
16.068690823784987,16.726175
15.918691205254717,17.14349
16.181190060845534,16.99265
16.068690823784987,17.256622
15.956191586724445,17.14349
16.173690366021315,17.030357
16.486190366021315,17.249077
16.603690671197096,17.563356
16.301190900078936,17.681526
16.356191205254717,17.3773
17.82619051860921,17.432613
18.06369166301839,18.911188
18.146190213433425,19.150124
18.351192044488112,19.233118
18.70368914531819,19.439365
18.906192349663893,19.794022
18.98118929790608,19.99778
19.183692502251784,20.073244
19.33869128154866,20.277008
19.43619112896077,20.432985
19.94869189190022,20.5311
19.986190366021315,21.046862
19.843692349663893,21.084602
20.126189755669753,20.941189
20.176188992730303,21.225502
20.413692044488112,21.275827
20.04619173931233,21.514868
20.353690671197096,21.144989
20.33869128154866,21.454475
20.541190671197096,21.439383
21.068690823784987,21.643198
20.763690518609206,22.174173
20.911189603081866,21.867157
20.833690213433428,22.015629
20.806190060845537,21.937618
20.753692197076006,21.909937
20.88119082378499,21.857094
20.781192349663897,21.985432
20.89369158672444,21.884775
20.92119173931233,21.998016
21.24869112896077,22.025698
21.31869082378499,22.35537
21.168689297906084,22.42584
21.59619097637288,22.274837
21.031192349663897,22.705202
21.38368945049397,22.136425
21.44369082378499,22.491272
20.916190671197096,22.551678
21.29619173931233,22.020664
21.988688992730303,22.403189
22.11619143413655,23.100363
21.99869112896077,23.228733
21.996192502251784,23.11043
21.88119082378499,23.107914
22.12369112896077,22.992128
22.141189145318194,23.236282
22.001189755669753,23.2539
21.968692349663893,23.112944
21.803691434136553,23.080225
21.468692349663897,22.914104
21.546191739312334,22.576845
21.438689755669753,22.654865
21.421191739312334,22.54664
21.538692044488112,22.529024
21.37369112896077,22.647316
21.67869143413655,22.481205
21.943690823784987,22.788261
22.04619173931233,23.055054
22.186191128960772,23.158253
22.048690366021315,23.299212
22.091189908257643,23.16077
22.343692349663893,23.203562
22.953689145318194,23.457792
22.466189908257647,24.072023
22.69869189190022,23.581137
22.75868945049397,23.815247
23.326190518609206,23.875664
24.536189603081866,24.447142
24.476192044488112,25.665821
24.181190060845537,25.605389
24.743690060845534,25.308249
25.071189450493975,25.874842
25.05369143413655,26.204742
24.468692349663893,26.187115
23.88619189190022,25.597834
24.413692044488112,25.011127
24.568690823784987,25.542433
24.793689297906084,25.698559
24.528689908257643,25.925203
24.501189755669753,25.658266
24.568690823784987,25.630566
24.423690366021315,25.698559
24.561191128960772,25.552504
24.361190366021315,25.691006
24.46369128154866,25.48955
24.653689908257643,25.5928
24.54368929790608,25.784182
24.82369189190022,25.673376
24.881190823784987,25.955425
24.866191434136553,26.013346
22.503692197076003,25.99824
22.85869173931233,23.618898
22.943690823784987,23.976362
21.898692654839678,24.061953
22.013690518609206,23.00975
21.983691739312334,23.125532
22.786189603081862,23.09533
22.44869189190022,23.903353
22.51119189190022,23.563519
22.351192044488112,23.62645
22.861190366021315,23.465345
22.32118945049397,23.978878
22.191192197076003,23.435133
22.246192502251784,23.304247
22.181190060845534,23.359623
22.288692044488116,23.294174
21.99119143413655,23.402416
21.823691891900225,23.102879
21.79368929790608,22.934238
22.096190976372878,22.904036
22.251189755669753,23.208595
22.536189603081862,23.364656
22.44369082378499,23.65162
23.06119112896077,23.55848
23.273692654839675,24.180277
23.368690060845534,24.394274
23.688689755669753,24.489944
23.94369082378499,24.812216
23.566192197076003,25.069036
23.713691281548662,24.688845
24.018691586724444,24.837397
24.406192349663897,25.144577
24.50619082378499,25.53488
23.5411906711971,25.635603
23.543689297906084,24.663666
23.343692349663893,24.66618
25.88869051860921,24.464767
25.33119158672444,27.028334
25.086192654839675,26.466673
25.333690213433425,26.219856
25.718692349663893,26.469189
25.88368945049397,26.85706
26.043689297906084,27.023296
25.218692349663897,27.184502
25.898692654839675,26.353334
26.23369173931233,27.03841
26.55369143413655,27.37594
26.19869189190022,27.698374
25.533690976372878,27.340677
25.443690823784987,26.670677
25.626189755669753,26.580006
25.836192654839675,26.763865
26.1761889927303,26.975445
25.98118929790608,27.318
26.103690671197096,27.121529
26.093692349663893,27.244955
27.01869158672444,27.234884
26.978690671197096,28.166945
27.26869158672444,28.126638
27.00619082378499,28.418882
26.746192502251784,28.154348
26.591189908257643,27.89235
26.283690976372878,27.73616
26.19369082378499,27.42632
26.721190976372878,27.335636
26.036189603081862,27.867157
25.816192197076003,27.176945
25.68619112896077,26.955294
26.096190976372878,26.824312
25.94618945049397,27.2374
25.54368929790608,27.086266
25.018691586724444,26.680746
23.95368914531819,26.151857
23.566192197076003,25.079107
24.013690518609206,24.688845
24.51869158672444,25.139545
24.541190671197096,25.648195
24.371192502251784,25.67086
24.63368945049397,25.499626
24.57118945049397,25.764034
24.476192044488112,25.701077
24.613688992730303,25.605389
24.811191128960772,25.743885
25.021190213433428,25.942835
25.083690213433425,26.154377
25.06119112896077,26.217339
25.156192349663893,26.194674
25.251189755669756,26.290373
25.54368929790608,26.386074
26.01369051860921,26.680746
26.173690366021315,27.154274
25.256190823784987,27.315487
25.22119097637288,26.391113
25.291190671197096,26.355854
25.14118914531819,26.42637
25.296191739312334,26.275259
25.376189755669756,26.43141
25.891189145318194,26.512003
27.041190671197096,27.030853
28.04368929790608,28.18962
28.536189603081862,29.199942
27.718692349663897,29.696344
29.568690823784987,28.872387
29.161189603081862,30.737152
29.54619173931233,30.326351
29.73369173931233,30.714478
29.846190976372878,30.903502
29.846190976372878,31.016916
29.443690823784987,31.016916
29.32868914531819,30.61114
28.561191128960772,30.495205
28.8636889927303,29.721542
28.82868914531819,30.026463
28.641189145318194,29.991182
28.763690518609206,29.80218
29.40869097637288,29.925657
29.843692349663893,30.575853
29.83119158672444,31.014397
29.64369158672444,31.001795
29.226192044488116,30.812765
28.6761889927303,30.391882
28.556190060845534,29.837456
29.188689755669753,29.716501
28.333690213433428,30.354076
27.943690823784987,29.492235
28.326190518609206,29.099154
28.691192197076006,29.484674
28.368690060845534,29.852581
29.106189297906084,29.52751
29.193690823784987,30.270908
29.16868929790608,30.359116
29.476192044488112,30.333914
29.788692044488116,30.643904
29.826190518609206,30.958944
29.786189603081862,30.996752
29.61119036602132,30.95642
29.738688992730303,30.779999
28.768691586724444,30.908537
28.593692349663893,29.930698
28.81869082378499,29.754301
28.69869189190022,29.981102
28.60869173931233,29.86014
29.20119051860921,29.769424
29.203689145318194,30.366676
29.428691434136553,30.369194
29.656192349663893,30.596018
29.70619158672444,30.825369
29.358691739312334,30.875774
29.716189908257647,30.525454
30.1136889927303,30.885857
30.54368929790608,31.286606
30.10618929790608,31.720154
30.911189603081862,31.279047
30.721190976372878,32.09071
30.39369158672444,31.899126
30.39369158672444,31.568918
30.38119082378499,31.568918
29.69618945049397,31.556313
29.068690823784987,30.86569
28.60869173931233,30.233107
27.451190518609206,29.769424
27.786189603081862,28.602798
27.861190366021315,28.940414
27.56869082378499,29.016003
25.843692349663893,28.721216
24.77619128154866,26.983002
26.841189908257643,25.907578
26.141189145318194,27.988077
25.336192654839675,27.282738
25.693690823784987,26.471708
26.556190060845534,26.831871
26.82868914531819,27.700893
28.516189145318194,27.975481
29.158690976372878,29.67618
29.08119158672444,30.323835
29.276191281548662,30.245708
29.01869158672444,30.44228
29.48619036602132,30.182709
30.156192349663893,30.653982
30.843692349663893,31.32946
30.88368945049397,32.02265
30.70368914531819,32.062984
29.26869158672444,31.881483
29.871192502251784,30.434723
30.54619173931233,31.042126
29.80369143413655,31.722675
29.938689755669753,30.97407
30.558692502251784,31.110172
31.14118914531819,31.735283
31.716189908257643,32.32263
31.148692654839675,32.902473
30.693690823784987,32.330196
30.73118929790608,31.871403
30.398692654839678,31.909214
29.878692197076003,31.573961
29.82868914531819,31.049683
28.56869082378499,30.999273
28.166190671197096,29.729105
28.086192654839675,29.32341
29.488688992730303,29.242779
27.881190823784987,30.656504
28.021190213433425,29.036161
27.728690671197096,29.177263
27.9786906711971,28.882467
27.288692044488116,29.134428
29.21369128154866,28.43904
28.81119112896077,30.379276
28.538692044488116,29.97354
29.318690823784987,29.698864
29.126189755669756,30.485126
29.42119173931233,30.291069
29.76369051860921,30.58846
29.826190518609206,30.933743
30.191192197076003,30.996752
30.521190213433425,31.364748
29.508689450493975,31.69747
28.718692349663897,30.67666
27.776191281548662,29.8803
27.486190366021315,28.930338
26.723689603081862,28.638073
27.098689603081862,27.869675
27.068690823784987,28.24756
26.601192044488116,28.217329
27.671191739312334,27.74624
29.876189755669753,28.824516
30.038692044488112,31.047157
30.63119082378499,31.210993
32.3636889927303,31.808384
32.316192197076006,33.55548
32.70619158672445,33.507576
33.003692197076006,33.900925
33.441192197076006,34.20099
33.32118945049398,34.64229
32.76369051860921,34.52124
32.58619265483967,33.958916
33.06869082378499,33.779892
32.86619143413655,34.26655
33.06869082378499,34.0623
33.163692044488116,34.26655
32.6561923496639,34.362377
33.261191891900225,33.850494
33.12618975566976,34.46072
32.9686923496639,34.324547
32.998691128960765,34.165688
32.87369112896077,34.19595
33.06619219707601,34.06987
33.9786906711971,34.264034
34.33619265483968,35.18449
34.47619204448811,35.545143
34.60369067119711,35.686382
33.86119036602132,35.81501
33.906192349663904,35.065956
33.9161906711971,35.11136
34.17369036602132,35.12144
33.956191586724444,35.381207
33.57619051860921,35.161793
33.03869204448812,34.77846
32.35369067119711,34.236298
32.6561923496639,33.5454
32.88119082378499,33.850494
32.598689603081866,34.077435
31.91868929790608,33.792492
31.816192197076003,33.106693
32.376189755669756,33.003323
32.0936923496639,33.568085
32.641189145318194,33.28318
32.02369265483968,33.835365
33.0161891453182,33.212585
32.383689450493975,34.2136
32.42369036602132,33.575653
33.44369082378499,33.615997
33.74619250225179,34.64481
33.193690823785,34.94995
33.451190518609216,34.392635
33.838691281548655,34.652374
33.948691891900225,35.043262
33.506190823785,35.15423
34.013690518609216,34.70785
33.49119143413655,35.2198
34.013690518609216,34.692726
33.7386889927303,35.2198
34.18119006084554,34.942387
34.33369021343343,35.38877
34.72119097637288,35.542618
34.816192197076006,35.933556
34.043689297906084,36.0294
33.643691586724444,35.250057
35.85119204448812,34.846554
36.21369128154866,37.07369
37.82619051860921,37.43947
38.06869082378499,39.0668
38.398692654839685,39.311558
37.581191586724444,39.644646
38.451190518609216,38.819527
37.90869097637288,39.69763
38.396190213433435,39.150066
38.60869173931234,39.64212
38.37369112896077,39.85661
39.00619082378499,39.61941
39.428691434136546,40.25786
40.593692349663904,40.684353
40.26869158672444,41.860493
39.5936923496639,41.532368
39.73118929790609,40.85092
40.2186923496639,40.989727
40.356189297906084,41.48189
40.821189450493975,41.620705
41.10618929790609,42.090176
41.88119082378499,42.37793
42.696189450493975,43.16047
43.171191739312334,43.98346
43.316192197076006,44.463158
42.626189755669756,44.609592
41.5311923496639,43.91277
41.30619006084554,42.807056
40.57118945049398,42.579872
42.30369143413655,41.837765
41.94869189190023,43.5871
42.50619082378499,43.22863
41.606189297906084,43.79159
40.5161891453182,42.882786
40.693690823785,41.782246
41.12869219707601,41.961452
41.263690518609216,42.40065
40.27369265483968,42.536957
41.006190823785,41.537415
41.31869082378498,42.276966
42.023692654839685,42.59249
42.26618914531819,43.304363
43.05619006084554,43.54923
42.88119082378499,44.34701
43.58119158672445,44.170284
43.763690518609216,44.877224
43.05869250225179,45.06154
41.62119250225179,44.349545
41.9786906711971,42.897938
42.43369250225179,43.25892
39.69869189190023,43.718384
41.17369036602132,40.956924
41.35869173931234,42.446087
40.80118899273031,42.632877
41.64369158672445,42.06998
40.53369097637288,42.92065
40.58369021343343,41.79991
41.016189145318194,41.850388
40.02619128154866,42.28706
41.718692349663904,41.287544
40.49619250225179,42.996387
40.04368929790608,41.76205
40.86619143413655,41.305206
38.856189297906084,42.135612
40.28869204448812,40.106438
40.83119158672444,41.552555
38.456191586724444,42.100277
37.14369158672445,39.702682
36.54869036602132,38.377987
37.56119112896077,37.777523
38.563689755669756,38.79934
37.45619158672445,39.811184
35.81869082378499,38.693363
33.976192044488116,37.04089
34.543689297906084,35.181973
33.16619067119711,35.75448
33.69369082378499,34.36489
33.56869082378499,34.896996
30.661189603081866,34.7709
31.001189755669753,31.838629
29.80369143413655,32.18146
29.628692197076003,30.97407
28.94618945049397,30.797644
30.251189755669756,30.10962
31.73369173931233,31.42524
31.14118914531819,32.920124
32.18369250225179,32.32263
31.306190060845534,33.373943
29.00868945049397,32.489014
29.441192197076003,30.17262
27.31869082378499,30.60862
28.98369173931233,28.469269
28.668689297906084,30.147427
28.691192197076006,29.829899
28.318690823784987,29.852581
27.431190060845534,29.477116
27.413692044488116,28.582644
27.56869082378499,28.565004
26.168689297906084,28.721216
25.283690976372878,27.310444
23.106189297906084,26.418816
23.14369158672444,24.225592
25.028689908257643,24.263353
25.443690823784987,26.161932
25.701190518609206,26.580006
24.7911906711971,26.839428
22.063689755669756,25.922688
22.201190518609206,23.175873
23.243690060845534,23.314312
23.458690213433425,24.36406
23.89118914531819,24.580582
24.193690823784987,25.016161
24.288692044488112,25.320839
23.781192349663893,25.416525
23.636191891900225,24.905378
24.33869128154866,24.759342
24.618690060845534,25.46689
25.443690823784987,25.748926
25.171191739312334,26.580006
24.60618929790608,26.305487
24.596190976372878,25.736332
24.938689755669753,25.726261
25.01618914531819,26.071266
25.131190823784987,26.149338
26.88119082378499,26.26519
27.59619097637288,28.028385
27.808692502251784,28.74893
27.92119173931233,28.963099
29.28369097637288,29.076475
29.73118929790608,30.449846
29.16868929790608,30.90098
28.316192197076003,30.333914
28.83119158672444,29.4746
28.593692349663893,29.993704
28.916190671197096,29.754301
28.496192502251784,30.079384
28.881190823784987,29.656029
28.496192502251784,30.044102
28.86619143413655,29.656029
29.01869158672444,30.02898
28.96369128154866,30.182709
29.608691739312334,30.127264
29.496192502251784,30.777483
29.371192502251784,30.664064
29.648692654839675,30.538054
29.63869051860921,30.817806
29.991191434136553,30.807728
30.05369143413655,31.163109
29.736190366021315,31.226116
29.536189603081866,30.906017
28.648692654839675,30.704386
29.941192197076006,29.809742
31.06869082378499,31.112694
31.63119082378499,32.249527
32.043689297906084,32.816757
32.28119234966389,33.23275
32.518691586724444,33.472275
33.1561923496639,33.71181
32.626189755669756,34.354816
33.57369189190023,33.820236
34.90368990825765,34.775948
33.94618945049397,36.117676
33.983691739312334,35.151703
33.25619082378499,35.189537
33.30619006084554,34.455677
33.52619128154867,34.506115
33.9786906711971,34.728027
33.84118990825765,35.18449
34.38119082378499,35.04578
34.766189145318194,35.59054
35.18119006084554,35.978954
35.17369036602132,36.39766
36.148692654839685,36.390095
35.7386889927303,37.373886
36.2811923496639,36.960167
35.86869006084554,37.50759
35.71369128154866,37.091343
35.93369250225179,36.934944
35.953689145318194,37.156933
36.848689603081866,37.177113
36.77619128154866,38.08027
37.17618899273031,38.007107
37.90869097637288,38.41078
37.77619128154866,39.150066
37.293689297906084,39.016335
37.168689297906084,38.529366
36.83369021343343,38.403214
38.538692044488116,38.065136
38.52868990825765,39.785954
38.79119067119709,39.77586
37.141189145318194,40.04083
37.53869204448811,38.375458
36.543689297906084,38.776634
36.168689297906084,37.77248
35.42369036602131,37.394062
32.99619250225179,36.64233
32.671191739312334,34.193428
32.636191891900225,33.865623
33.54619173931234,33.830322
32.8011889927303,34.748203
31.94869189190022,33.99674
32.37369112896078,33.136944
32.233691739312334,33.56557
31.01869158672444,33.424374
31.118690060845537,32.199112
30.798690366021315,32.299946
30.17369036602132,31.977276
30.556190060845537,31.347103
30.126189755669756,31.732761
29.968692349663897,31.299212
29.92869143413655,31.14042
32.13869051860921,31.100094
31.83869128154866,33.32856
32.696189450493975,33.026012
34.02119021343342,33.890835
34.78369097637288,35.227364
34.55619006084553,35.996613
34.74369006084554,35.767086
33.956191586724444,35.956257
34.293689297906084,35.161793
35.081191586724444,35.502266
35.9886889927303,36.296764
36.16118960308187,37.212433
35.76869158672445,37.386497
35.703689145318194,36.990444
35.6761889927303,36.924854
35.51119189190023,36.897102
36.14118914531819,36.73062
35.7386889927303,37.366314
36.86119036602132,36.960167
36.421191739312334,38.092884
36.88869051860921,37.64887
36.9061923496639,38.12064
36.27119021343343,38.138306
35.86869006084554,37.497498
36.5311923496639,37.091343
36.89619021343343,37.759872
36.68119006084554,38.12821
37.09118990825765,37.91124
37.21618990825765,38.325005
37.081191586724444,38.45115
37.068690823785,38.314907
37.5161891453182,38.302288
36.98118929790608,38.75392
38.18369250225179,38.213985
37.98619036602132,39.42763
38.2911906711971,39.228287
37.938689755669756,39.53614
38.18369250225179,39.180347
38.258689450493975,39.42763
40.17369036602132,39.503334
39.543689297906084,41.43645
37.45119051860921,40.800446
35.56619219707601,38.68832
35.14619021343343,36.786118
34.921191739312334,36.362343
36.11869006084554,36.135334
36.393691586724444,37.343616
35.973689603081866,37.621113
36.323691891900225,37.197296
36.858691739312334,37.550472
36.93369250225179,38.090366
37.13869051860921,38.166054
38.723689603081866,38.372932
38.788692044488116,39.972687
39.316192197076006,40.038303
39.36619143413656,40.57079
38.4261889927303,40.621258
37.53369097637288,39.6724
38.03369097637288,38.771587
37.0936923496639,39.276234
38.193690823785,38.327526
38.60869173931234,39.437725
37.6761889927303,39.85661
38.16619067119711,38.91541
39.068690823785,39.409966
39.581191586724444,40.320946
39.778689908257654,40.838306
39.53369097637288,41.037685
40.58619265483968,40.790348
42.268691586724444,41.852917
41.06869082378499,43.55176
40.501189755669756,42.34007
41.05869250225179,41.767097
41.33369021343343,42.329975
41.571189450493975,42.60764
41.41369204448812,42.84745
40.80619006084554,42.688416
41.32619051860921,42.075027
40.706191586724444,42.60006
41.06869082378499,41.97407
41.203689145318194,42.34007
41.293689297906084,42.476376
42.33619265483967,42.56725
41.83369021343343,43.619923
40.6761889927303,43.112507
42.4786906711971,41.94378
42.636191891900225,43.76382
42.52369265483968,43.922867
42.82619051860921,43.809258
43.05118899273031,44.11474
44.30619006084553,44.341965
44.793689297906084,45.60945
45.16619067119711,46.101845
44.411189603081866,46.478096
44.84118990825764,45.715508
44.71618990825765,46.149826
45.448691891900225,46.023567
46.35869173931234,46.76346
46.5936923496639,47.6827
47.196189450493975,47.920105
46.858691739312334,48.52878
47.923690366021326,48.187824
48.311191128960765,49.263783
47.25868945049398,49.6553
47.878692197076006,48.591923
48.453689145318194,49.218315
50.401187466851404,49.799267
50.33118777202718,51.767136
50.26118807720296,51.696396
50.75368838237875,51.62567
50.74119143413655,52.123356
50.64368777202718,52.11073
51.45618777202718,52.01219
51.351192044488116,52.83329
52.00619082378499,52.727177
51.988688992730296,53.38913
52.51868777202718,53.37145
53.043689297906084,53.907097
52.45369296001546,54.43771
51.99119143413655,53.841404
51.71618990825765,53.373974
51.74618868755452,53.096046
52.80369143413655,53.12636
52.4636874668514,54.195145
52.7186923496639,53.85151
52.88618807720296,54.109234
50.646190213433435,54.27852
51.33619265483968,52.014725
52.01619296001546,52.712017
52.93869357036703,53.399242
53.56869082378499,54.331585
53.2186923496639,54.968338
53.27119021343343,54.614586
53.01369051860921,54.66764
53.93368868755452,54.407387
55.31869082378499,55.33726
55.96119265483967,56.73722
56.018687772027185,57.3867
55.94369082378499,57.444817
56.62619357036702,57.369003
56.20119051860921,58.05893
57.241191434136546,57.629303
57.27369265483968,58.680653
58.848689603081866,58.71351
58.43368868755452,60.30577
58.5511889927303,59.88621
60.12868838237874,60.005005
60.35618929790608,61.59987
59.51619296001546,61.829884
61.02868990825765,60.98062
60.358691739312334,62.509823
62.87868838237874,61.83241
63.71869234966389,64.38034
63.978694485894366,65.22968
65.2436938755428,65.49258
64.0311923496639,66.771675
64.46618990825765,65.54566
65.13618807720296,65.98551
65.36619143413655,66.66298
65.7136874668514,66.895546
65.54869418071858,67.24692
66.13119082378499,67.080086
63.58369021343343,67.669075
64.2186923496639,65.093185
67.1811938755428,65.73525
66.20369296001546,68.73079
66.3011889927303,67.742386
62.143687772027185,67.84098
64.89619021343343,63.637177
66.94868807720296,66.420296
66.71119265483968,68.495705
66.66118960308187,68.255554
64.6136889927303,68.204994
66.9686923496639,66.13465
66.43619112896077,68.51593
67.11619143413655,67.977486
67.25368838237874,68.66508
64.90868716167562,68.80411
66.06869082378499,66.43294
66.72619204448812,67.60588
65.72368960308187,68.27073
60.38369326519124,67.257034
61.30619387554281,61.8577
57.7011905186092,62.790398
56.3436923496639,59.14568
50.38369326519124,57.773365
56.63869051860921,51.74946
61.986194180718584,58.071568
60.17869143413655,63.477943
59.948688077202966,61.65042
56.568690823785,61.41789
52.00619082378499,58.00081
55.353694485894366,53.38913
55.416194485894366,56.7726
50.05369143413655,56.83579
52.291194485894366,51.415993
46.55619006084554,53.67717
47.946189450493975,47.882217
46.011191891900225,49.28651
47.91619067119711,47.331665
47.8636889927303,49.256207
43.08869128154866,49.20316
45.15869097637289,44.379833
48.756190823785,46.470528
47.698691891900225,50.10492
49.25619082378499,49.036457
48.753692197076006,50.61013
49.9686923496639,50.102386
47.693690823785,51.33009
46.15368990825765,49.03141
46.768691586724444,47.475613
48.793689297906084,48.0969
53.768687772027185,50.142807
51.75368838237874,55.17048
53.24369387554281,53.13394
53.146190213433435,54.63985
56.06869082378498,54.541298
56.668689297906084,57.49537
57.913692044488116,58.101902
57.241191434136546,59.36051
55.5561938755428,58.680653
55.138690518609216,56.977295
54.471187161675616,56.55527
55.03618960308187,55.88055
55.3686938755428,56.45166
56.518687772027185,56.78777
57.338687466851404,57.950264
57.25119357036702,58.779205
58.55868868755453,58.690758
57.63119082378499,60.012585
58.361194180718584,59.074917
59.833690213433435,59.812916
61.18368868755452,61.301617
61.87369112896078,62.66654
62.47869448589437,63.36419
63.0936923496639,63.975903
65.5261874668514,64.59774
64.10618929790608,67.05732
62.19619326519124,65.6215
61.156192349663904,63.690273
64.36119418071858,62.638744
64.82619051860921,65.87934
65.2386889927303,66.349525
65.73369173931233,66.76662
65.01118807720296,67.26715
66.94369082378499,66.53658
65.10369448589437,68.49066
65.26118807720296,66.63012
65.88119082378499,66.789375
65.50619082378499,67.4163
66.25619082378499,67.0371
67.23369173931233,67.79547
67.16619448589437,68.78388
66.9061923496639,68.71564
68.63119082378499,68.452736
69.10369448589437,70.19699
73.04368929790608,70.674774
73.39619021343343,74.658676
72.24869112896077,75.01509
69.38119082378499,73.854836
73.93368868755452,70.95537
74.85618929790608,75.55855
73.92119173931233,76.49127
74.72869448589437,75.54593
73.90368990825765,76.362366
77.06869082378499,75.52823
77.31869082378499,78.72818
76.2436938755428,78.98093
77.17119173931233,77.8941
74.38119082378499,78.83181
76.0886874668514,76.01101
77.34868960308187,77.73739
78.0311923496639,79.01125
78.56869082378499,79.70125
79.92119173931235,80.24463
80.24869112896077,81.61187
82.33118777202716,81.942924
81.40368990825766,84.04789
83.33369021343343,83.11041
80.90868716167562,85.061134
85.05868868755452,82.61007
82.63119082378498,86.80442
83.0561938755428,84.35111
82.48619418071858,84.78067
85.24119143413655,84.20457
82.76118807720296,86.98885
83.06618838237874,84.482506
77.0561938755428,84.790764
79.77868990825763,78.715546
80.43619112896076,81.46781
79.818690823785,82.13246
80.25619082378499,81.50825
88.95369296001547,81.9505
94.26868777202719,90.739944
95.20119051860922,96.10797
95.44619326519125,97.049484
96.47368960308187,97.29683
99.27369265483969,98.3341
98.66868929790608,101.16006
98.03869204448813,100.549515
96.56618838237873,99.91372
100.49869112896076,98.427475
100.89869265483966,102.39607
102.13119082378498,102.799644
100.42119173931233,104.04295
102.05118899273029,102.31787
101.81869082378498,103.96225
105.33118777202716,103.72773
114.76618533062094,107.26996
110.76619296001546,116.77449
112.24869112896077,112.747
113.21119265483969,114.24007
112.08118777202716,115.20918
113.64869265483969,114.07138
118.82868533062091,115.649635
123.6586871616756,120.86157
112.97869448589438,125.71602
106.1386905186092,114.97512
100.01868777202719,108.08404
103.32869296001546,101.91177
106.42869143413655,105.25075
100.6386905186092,108.37638
100.7886920444881,102.537315
104.39869265483968,102.68865
101.29869418071858,106.32976
95.78869204448813,103.203156
96.46869234966388,97.64259
90.60869173931233,98.32905
98.74869112896077,92.41174
97.68869357036701,100.63026
91.2386889927303,99.56048
94.49869112896077,93.04808
101.07869296001546,96.3402
100.61869387554282,102.98124
99.85869173931233,102.51715
103.70869021343344,101.75035
98.95869021343344,105.633965
99.97869448589435,100.84218
101.76868777202718,101.87142
100.68869357036704,103.67729
102.318690823785,102.58776
101.34868960308188,104.23207
106.12868838237874,103.25361
111.33868746685138,108.07394
107.068690823785,113.32364
104.78869204448813,109.02146
107.34868960308187,106.72301
106.02868990825763,109.303665
102.26868777202719,107.973145
102.73868899273029,104.18164
103.51868777202716,104.6557
102.45869021343344,105.44235
100.07869296001546,104.37328
101.55868868755451,101.972336
101.1186938755428,103.46545
98.43869357036704,103.021576
97.12868838237873,100.31742
95.17869143413654,98.99525
95.72869448589437,97.02677
100.20869021343344,97.58202
104.01868777202718,102.10348
104.38869051860921,105.94658
106.56869082378499,106.31968
101.61869387554282,108.51749
103.25869326519124,103.52599
105.68869357036702,105.18015
105.50869326519124,107.63039
104.98868899273029,107.44892
105.6186938755428,106.92465
104.67869143413657,107.55983
103.6586871616756,106.6121
104.70869021343344,105.583534
103.24869112896077,106.64235
99.97869448589435,105.170074
101.61869387554282,101.87142
102.6386905186092,103.52599
103.0386920444881,104.55483
107.07869296001547,104.958275
108.08868746685138,109.03154
109.5886874668514,110.04943
108.66868929790608,111.560844
108.37868838237874,110.6339
110.43869357036704,110.341675
110.59868960308185,112.417145
106.56869082378499,112.57829
108.49869112896076,108.51749
108.66868929790608,110.46261
110.4086871616756,110.6339
113.47869448589437,112.3869
114.96868472026937,115.47849
115.02869753765218,116.978294
111.08868746685141,117.03871
117.67869143413655,113.07183
118.22869448589438,119.70498
117.38869814800374,120.25817
120.05869631694904,119.41327
124.11869387554279,122.098305
121.64869265483969,126.17805
120.14869265483968,123.696495
119.58869509624594,122.188805
114.95869021343341,121.62578
113.78869204448813,116.96824
114.42869143413655,115.790565
118.49868349956625,116.4348
115.25869326519123,120.52971
114.568690823785,117.270164
114.82868533062093,116.575714
116.8686938755428,116.8374
114.84868960308185,118.89015
113.84868960308185,116.85754
114.72869448589437,115.850975
119.86869387554279,116.73676
122.34868960308188,121.907295
129.1386981480037,124.39992
129.6686969273006,131.21681
129.49868349956623,131.7484
125.58869509624591,131.57788
121.89869265483966,127.65422
119.81869082378499,123.94775
121.79868655132405,121.857025
121.82868533062094,123.847244
122.3686938755428,123.877396
123.4186969273006,124.42001
122.09868960308187,125.474915
122.68868594097249,124.148705
122.54868655132404,124.74154
121.96868472026938,124.60086
120.41869692730062,124.01807
121.55869631694905,122.46022
117.31869082378498,123.60606
115.26868777202718,119.34284
116.30869631694907,117.28022
114.07868533062094,118.326744
109.82869296001545,116.08249
111.00869326519123,111.802635
110.74869112896076,112.99129
108.65868716167563,112.72939
109.81869082378499,110.62382
114.47869448589435,111.79254
110.87868838237874,116.48514
107.81869082378499,112.86031
107.04869418071858,109.77735
106.99869112896079,109.0013
105.09868960308185,108.950905
107.75869326519124,107.03557
108.60869173931232,109.71688
106.46869234966388,110.57344
107.47869448589435,108.416695
111.76868777202718,109.43469
110.1186938755428,113.756676
108.94868807720297,112.094765
105.96869234966391,110.91603
106.39869265483966,107.91267
109.39869265483969,108.34614
108.88869051860921,111.36943
105.60869173931233,110.85556
106.41868929790608,107.54973
107.7186923496639,108.36628
106.17869143413654,109.67656
107.7186923496639,108.12436
109.72869448589435,109.67656
109.93869357036701,111.701904
112.568690823785,111.91343
111.89869265483966,114.562294
115.01868777202718,113.8876
115.8686938755428,117.02863
118.58869509624594,117.88401
118.50869326519123,120.62023
121.00869326519123,120.53978
119.88869814800375,123.053276
120.3686938755428,121.927414
119.57868533062094,122.40996
121.08869509624591,121.615715
118.42869143413654,123.13369
119.1086841099178,120.45933
118.22869448589438,121.14313
120.89869265483966,120.25817
121.07868533062091,122.94272
120.37868838237873,123.12363
122.53869204448813,122.42
117.84868960308188,124.59083
118.1086841099178,119.87596
117.25869326519125,120.137474
115.26868777202718,119.28252
113.95869021343341,117.28023
116.9186969273006,115.9617
115.47869448589435,118.94046
109.56869082378498,117.49158
109.46869234966391,111.540695
110.64869265483966,111.43994
112.318690823785,112.62867
112.8886905186092,114.310555
112.62868838237873,114.88448
109.22869448589437,114.62269
111.29869418071858,111.19814
113.8886905186092,113.28335
112.07869296001545,115.891235
113.8886905186092,114.06886
113.02868990825765,115.891235
112.50869326519124,115.02544
111.6386905186092,114.50187
111.14869265483968,113.62578
110.34868960308185,113.13227
110.74869112896076,112.32647
110.13869051860922,112.72939
112.23868899273032,112.114914
112.66868929790607,114.22999
113.27868990825765,114.662964
113.08868746685141,115.27714
112.59868960308185,115.085846
113.8886905186092,114.59249
116.00869326519125,115.891235
116.4386859409725,118.02489
115.8686938755428,118.45755
116.77869753765216,117.88401
116.36869387554279,118.79962
118.19869570659749,118.387115
119.83869509624591,120.228
120.51868777202718,121.87713
119.52869753765218,122.56074
119.47869448589438,121.56547
120.86869387554279,121.515175
122.23868899273032,122.91256
122.66869692730062,124.28939
123.96868472026938,124.721466
126.13869814800374,126.02739
129.6086841099178,128.20638
127.64869265483966,131.68822
128.81869082378498,129.72191
132.27869753765214,130.89581
130.09868960308185,134.3651
134.1686969273006,132.17961
135.30869631694907,136.25877
134.52869753765214,137.40047
129.81869082378498,136.61935
129.52869753765216,131.89882
131.59868960308182,131.60799
132.00869326519123,133.68353
133.6186938755428,134.0945
134.33869509624589,135.7078
135.18868594097248,136.42905
130.87868838237873,137.28032
130.7586932651912,132.96173
130.44869570659748,132.84143
132.42869143413654,132.53061
131.87868838237873,134.51546
133.3386950962459,133.9642
133.04868655132404,135.42728
132.4186969273006,135.13672
132.2686877720272,134.50542
132.50869326519123,134.35509
132.1186938755428,134.59561
132.25869326519123,134.20476
135.03869204448813,134.34506
134.6086841099178,137.13011
136.29868655132404,136.69946
135.8686938755428,138.39163
131.09868960308185,137.96115
133.50869326519123,133.18231
134.37868838237873,135.5976
135.51868777202716,136.46912
135.8786883823787,137.61073
134.41869692730063,137.97118
133.54868655132404,136.50917
135.06869082378495,135.63768
138.72869448589432,137.16013
138.89869265483966,140.82321
139.9386859409725,140.99326
139.82868533062094,142.0333
141.0386920444881,141.92332
143.04868655132404,143.133
141.55869631694904,145.14139
141.06869082378498,143.65271
136.69869570659748,143.16296
136.4186969273006,138.792
134.62868838237875,138.51176
134.50869326519123,136.7195
134.88869814800373,136.59932
129.8686938755428,136.97989
129.99868349956623,131.94897
130.51868777202716,132.07935
132.71868472026935,132.6008
131.72869448589435,134.80605
131.53869204448813,133.81387
129.318690823785,133.6234
128.5386920444881,131.39735
129.72869448589438,130.6149
127.96868472026937,131.80858
127.82868533062091,130.04301
125.55869631694904,129.90253
125.53869204448812,127.624084
129.12868838237875,127.60401
130.09868960308185,131.20679
128.3386950962459,132.17961
129.29868655132404,130.41426
127.30869631694905,131.37727
128.17869143413657,129.38074
129.83869509624589,130.25374
129.51868777202716,131.9189
133.0786853306209,131.59793
134.76868777202714,135.16678
134.87868838237873,136.85971
135.75869326519123,136.96986
134.74868349956623,137.85103
135.39869265483966,136.83968
135.42869143413654,137.49059
135.88869814800373,137.52061
133.2886920444881,137.98119
135.05869631694904,135.37718
134.72869448589435,137.15015
136.4586902134334,136.81966
137.64869265483966,138.55179
137.9586902134334,139.74275
137.47869448589438,140.05292
136.26868777202716,139.57262
136.0886950962459,138.36159
135.02869753765216,138.1814
134.49868349956623,137.12009
136.43868594097248,136.5893
136.00869326519123,138.53178
137.068690823785,138.10132
139.77869753765216,139.16234
143.71868472026935,141.87334
147.74868349956623,145.81053
147.18868594097248,149.83223
146.81869082378498,149.27374
145.63869814800375,148.9047
145.4386859409725,147.72731
146.05869631694904,147.52768
153.548686551324,148.14642
144.80869631694904,155.61
150.0886950962459,146.89886
150.3586841099178,152.1648
155.1486926548397,152.43379
158.19869570659748,157.20163
160.97869448589432,160.23283
161.27869753765214,162.99239
167.18868594097248,163.29
161.31869082378498,169.14473
161.17869143413654,163.32967
165.34868960308185,163.1908
155.99868349956623,167.3236
154.34868960308185,158.04675
157.62868838237873,156.40594
159.1086841099178,159.66661
161.9186969273006,161.13649
163.1586871616756,163.92474
166.22869448589435,165.15405
165.39869265483966,168.19476
165.5386920444881,167.37308
164.1586871616756,167.5117
163.8986926548397,166.14497
168.6986957065975,165.88739
165.67869143413654,170.6381
158.76868777202716,167.65031
158.9586902134334,160.7989
155.1486926548397,160.98756
158.38869814800373,157.20163
162.1886859409725,160.42155
161.84868960308185,164.19246
157.4086871616756,163.8553
157.57868533062094,159.44806
156.068690823785,159.61696
153.04868655132404,158.11636
150.4886889927303,155.11244
146.0886950962459,152.5633
145.04868655132404,148.17635
149.56869082378498,147.13843
148.51868777202716,151.64662
151.77869753765216,150.6
156.22869448589435,153.84816
160.07868533062089,158.2754
160.81869082378498,162.09937
160.54868655132404,162.83365
157.74868349956623,162.56573
158.92869143413654,159.78584
157.79868655132407,160.9578
162.1186938755428,159.83551
160.2086902134334,164.12308
158.3986926548397,162.22836
153.43868594097245,160.43149
157.0386920444881,155.50055
157.91869692730057,159.08043
157.09868960308182,159.95473
155.88869814800373,159.14005
151.04868655132407,157.93742
151.6086841099178,153.12114
138.64869265483966,153.67885
149.9086871616756,140.74318
149.12868838237875,151.98543
150.76868777202716,151.20808
150.45869021343344,152.84224
154.5386920444881,152.53343
150.55869631694904,156.59496
149.42869143413657,152.63306
144.88869814800373,151.5071
147.54868655132404,146.97873
146.26868777202716,149.6328
144.99868349956623,148.35596
137.51868777202716,147.08852
136.96868472026935,139.61264
143.11869387554276,139.06224
144.67869143413654,145.21129
146.57868533062094,146.76909
149.5786853306209,148.66524
151.5786853306209,151.65656
154.05869631694904,153.64899
157.12868838237873,156.11745
159.94869570659745,159.16985
158.23868899273026,161.97035
162.75869326519123,160.27257
164.6186938755428,164.7576
163.9086871616756,166.60065
160.09868960308185,165.8973
160.63869814800373,162.11922
163.56869082378498,162.65506
158.4286914341365,165.56038
157.22869448589435,160.46127
157.84868960308185,159.26921
154.77869753765216,159.88518
154.0886950962459,156.83366
153.4586902134334,156.1473
156.6886859409725,155.52046
149.9886889927303,158.7326
151.08869509624589,152.06516
154.8286853306209,153.16098
154.97869448589435,156.88339
152.52869753765216,157.03258
147.18868594097248,154.59485
148.31869082378495,149.27374
141.97869448589438,150.40063
145.31869082378498,144.07242
147.90868716167563,147.40794
142.77869753765216,149.99182
144.21868472026938,144.87169
145.73868899273032,146.30981
149.91869692730063,147.82709
142.07868533062094,151.9954
140.9986834995662,144.17232
141.5886950962459,143.093
139.56869082378498,143.68268
128.8386950962459,141.66331
130.6586871616756,130.91588
131.6186938755428,132.74117
134.92869143413657,133.70361
132.9186969273006,137.01994
125.94869570659749,135.00647
125.15868716167562,128.01562
123.8586841099178,127.22246
126.87868838237875,125.91691
124.49868349956623,128.94917
123.45869021343344,126.55969
131.45869021343344,125.51511
135.13869814800373,133.54321
135.96868472026935,137.23026
133.8986926548397,138.06128
132.96868472026935,135.98831
133.09868960308185,135.05655
130.4186969273006,135.18681
134.64869265483966,132.50052
133.14869265483966,136.73955
126.34868960308187,135.23692
118.93868594097248,128.41718
119.19869570659749,120.97218
120.3586841099178,121.23365
118.14869265483969,122.39989
116.13869814800374,120.17769
119.48868899273029,118.15571
120.85868410991782,121.52523
122.88869814800374,122.9025
125.96868472026937,124.942474
128.76868777202716,128.0357
128.19869570659748,130.84564
123.52869753765216,130.27379
123.31869082378499,125.585434
122.10868410991779,125.374466
123.83869509624593,124.15875
127.41869692730063,125.89683
129.3586841099178,129.49112
131.3286853306209,131.43745
131.7386889927303,133.41289
131.8286853306209,133.82388
129.05869631694904,133.9141
130.14869265483966,131.13655
135.84868960308188,132.22977
136.80869631694904,137.94113
133.9886889927303,138.90211
137.18868594097248,136.07846
140.56869082378495,139.2824
141.45869021343344,142.66318
140.07868533062089,143.55276
138.3286853306209,142.1733
138.64869265483966,140.42307
143.04868655132404,140.74318
147.30869631694904,145.14139
147.0786853306209,149.39343
146.1686969273006,149.16402
146.90868716167557,148.25621
152.07868533062094,148.99446
149.27869753765216,154.14684
152.43868594097248,151.35762
150.0886950962459,154.50525
153.74868349956623,152.1648
156.12868838237873,155.809
155.88869814800373,158.17601
157.58869509624594,157.93742
158.84868960308185,159.62689
158.83869509624589,160.87836
159.81869082378498,160.86841
159.09868960308185,161.84132
155.75869326519123,161.12656
153.14869265483966,157.80818
153.38869814800375,155.21196
154.84868960308188,155.4508
156.63869814800375,156.90329
147.21868472026935,158.68294
148.19869570659748,149.30367
146.37868838237873,150.28096
142.70869021343339,148.46571
145.81869082378498,144.80174
142.5386920444881,147.90694
140.88869814800373,144.6319
140.7086902134334,142.98306
141.5386920444881,142.80312
145.65868716167563,143.63272
145.96868472026935,147.74725
140.85868410991782,148.05661
140.71868472026935,142.95306
137.27869753765216,142.81313
135.37868838237873,139.3725
139.46868472026935,137.47057
143.40868716167563,141.56332
138.44869570659748,145.50093
137.25869326519125,140.54314
135.72869448589435,139.35246
138.80869631694907,137.821
133.70869021343344,140.90324
132.16869692730063,135.79797
127.34868960308185,134.25485
124.27869753765219,129.42087
131.09868960308185,126.338745
130.1386981480037,133.18231
131.87868838237873,132.21976
128.60868410991782,133.9642
126.4886889927303,130.68513
125.96868472026937,128.55771
125.1986957065975,128.0357
121.05869631694904,127.262634
130.3786883823787,123.10356
127.13869814800374,132.4604
131.55869631694904,129.21011
127.75869326519124,133.64345
129.0886950962459,129.8323
128.93868594097245,131.16664
133.25869326519123,131.01619
136.1586871616756,135.34712
137.02869753765216,138.25148
134.13869814800373,139.1223
134.26868777202716,136.2287
139.22869448589435,136.35893
141.14869265483966,141.3233
135.01868777202716,143.24292
128.1286883823787,137.11006
128.1586871616756,130.20355
123.17869143413655,130.23366
126.47869448589435,125.23382
124.568690823785,128.54767
127.30869631694905,126.62999
131.88869814800373,129.38074
135.03869204448813,133.97423
138.28869204448813,137.13011
135.19869570659748,140.38307
132.49868349956623,137.29033
138.37868838237873,134.58559
136.22869448589438,140.4731
134.1986957065975,138.32156
135.51868777202716,136.28882
134.37868838237873,137.61073
131.2086902134334,136.46912
130.3586841099178,133.29257
127.46868472026938,132.44037
134.27869753765216,129.54128
132.02869753765216,136.36896
133.8386950962459,134.11455
133.13869814800373,135.92819
128.25869326519123,135.22691
128.4286914341365,130.334
128.4086871616756,130.50455
128.76868777202716,130.48447
135.56869082378498,130.84564
131.4186969273006,137.6608
127.17869143413657,133.50313
122.75869326519125,129.25026
121.17869143413655,124.811874
117.45869021343343,123.22414
119.04868655132404,119.48369
120.41869692730062,121.08281
116.98868899273029,122.46022
117.4486957065975,119.010895
115.73868899273032,119.47363
114.05868868755452,117.7532
114.47869448589435,116.06235
116.34868960308187,116.48514
112.95869021343343,118.36699
113.19868807720297,114.954956
112.07869296001545,115.1966
116.53869204448812,114.06886
116.32868533062094,118.55815
117.31869082378498,118.34686
119.94869570659748,119.34284
118.09868960308188,121.98774
120.89869265483966,120.1274
122.88869814800374,122.94272
120.14869265483968,124.942474
121.34868960308188,122.18879
124.1886859409725,123.39501
126.37868838237874,126.24836
126.95869021343344,128.44728
129.23868899273026,129.02945
129.22869448589435,131.31711
131.0286975376522,131.30707
128.76868777202716,133.11212
130.0386920444881,130.84564
134.96868472026935,132.11946
134.09868960308185,137.06
138.63869814800373,136.18866
136.7086902134334,140.73318
139.94869570659745,138.80203
139.84868960308185,142.0433
135.5286975376522,141.94331
137.01868777202716,137.62076
138.18868594097248,139.1123
139.17869143413654,140.28304
139.5786853306209,141.2733
138.4186969273006,141.67334
136.26868777202716,140.5131
134.93868594097248,138.36159
136.1586871616756,137.02994
133.17869143413654,138.25148
133.77869753765216,135.26697
133.11869387554276,135.8681
132.89869265483964,135.20686
130.44869570659748,134.98643
134.10868410991782,132.53061
139.85868410991776,136.19865
139.76868777202716,141.9533
138.87868838237873,141.86333
139.62868838237873,140.97325
136.27869753765216,141.72333
133.87868838237873,138.37161
137.34868960308185,135.96828
137.25869326519125,139.44255
138.22869448589435,139.35246
142.14869265483966,140.32304
141.13869814800375,144.24228
143.38869814800375,143.23294
145.36869387554276,145.48099
144.89869265483966,147.45786
144.92869143413657,146.98871
146.00869326519123,147.01866
144.03869204448807,148.09653
145.4386859409725,146.13008
147.59868960308185,147.52768
148.50869326519125,149.68266
150.3386950962459,150.59007
152.6686969273006,152.41388
150.80869631694904,154.7342
148.49868349956625,152.8821
147.4886889927303,150.58008
148.4186969273006,149.57297
147.28869204448813,150.50032
147.69869570659745,149.37349
150.6586871616756,149.7824
151.15868716167563,152.73265
152.16869692730063,153.23071
151.86869387554282,154.23647
152.1586871616756,153.93776
151.1186938755428,154.22649
151.06869082378498,153.19086
151.25869326519123,153.14105
149.12868838237875,153.3303
151.25869326519123,151.20808
154.55869631694904,153.3303
155.34868960308185,156.61485
156.1586871616756,157.40051
155.56869082378498,158.20581
150.9586902134334,157.61928
157.04868655132404,153.03151
158.54868655132404,159.09036
159.1186938755428,160.58044
159.0886950962459,161.14642
159.91869692730063,161.11664
159.68868594097248,161.94058
159.22869448589435,161.71228
158.05869631694904,161.25563
157.7786975376522,160.09378
159.06869082378498,159.81566
162.4586902134334,161.09679
160.04868655132407,164.46016
159.19869570659748,162.06958
157.1586871616756,161.22585
158.47869448589435,159.19968
159.38869814800373,160.51093
163.02869753765216,161.41447
163.39869265483966,165.0252
163.76868777202716,165.39192
167.09868960308182,165.75856
168.6986957065975,169.05566
166.03869204448813,170.6381
164.50869326519123,168.0067
163.96868472026935,166.49167
167.56869082378498,165.95673
167.3386950962459,169.52061
168.8686938755428,169.29312
169.43868594097248,170.80617
170.0286975376522,171.36958
172.79868655132404,171.95262
170.47869448589435,174.68762
170.96868472026932,172.39719
169.80869631694907,172.88113
171.6186938755428,171.73523
172.89869265483964,173.52298
171.9586902134334,174.7863
173.9986834995662,173.85861
175.14869265483964,175.87134
177.69869570659745,177.00508
179.84868960308185,179.51663
177.63869814800373,181.63168
175.9086871616756,179.45758
177.47869448589432,177.75395
175.32868533062089,179.3001
175.22869448589432,177.18243
175.74868349956623,177.0839
176.56869082378498,177.5963
176.29868655132404,178.40405
177.96868472026935,178.13812
179.4186969273006,179.78238
179.1686969273006,181.2089
181.15868716167557,180.96303
180.16869692730057,182.91922
179.47869448589435,181.9463
179.39869265483964,181.26788
179.7386889927303,181.18922
182.08869509624589,181.52354
180.7386889927303,183.83273
182.12868838237873,182.50653
182.308696316949,183.87201
181.10868410991776,184.04878
177.63869814800373,182.8701
171.5886950962459,179.45758
168.19869570659748,173.49336
165.75869326519123,170.14372
166.93868594097248,167.72952
165.54868655132407,168.89738
163.38869814800375,167.52159
164.03869204448807,165.38202
164.94869570659748,166.02611
163.1986957065975,166.92747
163.2086902134334,165.19371
158.3686938755428,165.20361
161.13869814800375,160.40167
163.12868838237873,163.15112
164.5886950962459,165.12433
166.7386889927303,166.57092
163.44869570659748,168.6995
166.1586871616756,165.44147
165.7686877720272,168.12546
171.00869326519123,167.73943
173.9086871616756,172.92062
175.558696316949,175.78258
174.34868960308185,177.40912
174.46868472026932,176.21645
161.24868349956623,176.33476
164.41869692730063,163.26022
166.13869814800373,166.40254
165.558696316949,168.10568
162.5786853306209,167.53151
160.06869082378498,164.57912
162.54868655132404,162.08943
162.54868655132404,164.5494
163.5886950962459,164.5494
165.3286853306209,165.5802
160.6186938755428,167.30377
160.7386889927303,162.63521
160.26868777202714,162.75427
160.88869814800373,162.28792
158.68868594097248,162.90309
155.4086871616756,160.71945
158.0886950962459,157.46019
157.28869204448813,160.12358
158.3286853306209,159.32883
157.1586871616756,160.36195
159.85868410991782,159.19968
159.86869387554276,161.88101
162.87868838237873,161.89095
164.1686969273006,164.87653
164.26868777202716,166.15489
166.13869814800373,166.25395
167.4886889927303,168.10568
162.81869082378495,169.44151
162.71868472026935,164.81708
161.6486926548397,164.71794
162.10868410991776,163.65697
161.37868838237875,164.11313
156.97869448589435,163.38918
159.1186938755428,159.0208
157.94869570659748,161.14642
156.43868594097248,159.98453
152.97869448589438,158.48415
155.0886950962459,155.04277
155.41869692730063,157.14197
157.068690823785,157.47014
161.5886950962459,159.11023
160.30869631694904,163.59746
162.44869570659748,162.3276
165.24868349956625,164.45026
168.4186969273006,167.22455
169.02869753765214,170.36127
170.0386920444881,170.96434
171.88869814800373,171.96248
173.76868777202716,173.78952
173.9186969273006,175.64452
175.6386981480037,175.79243
176.31869082378498,177.48793
175.95869021343339,178.15784
177.47869448589432,177.80322
177.558696316949,179.3001
176.93868594097248,179.37885
175.98868899273026,178.76845
175.84868960308182,177.83278
176.96868472026935,177.69484
175.9086871616756,178.79799
176.39869265483964,177.75395
176.04868655132404,178.23663
176.27869753765216,177.89186
180.51868777202716,178.11844
179.69869570659745,182.29031
180.26868777202714,181.4842
179.17869143413654,182.0446
179.14869265483966,180.97284
181.15868716167557,180.94336
184.08869509624589,182.91924
183.59868960308182,185.79573
182.15868716167557,185.315
182.22869448589435,183.90149
182.96868472026935,183.97023
182.16869692730057,184.69673
181.24868349956623,183.9113
179.67869143413654,183.00764
